unicode,name,searchkeyword,lang,icon,keytoken
//version 1.00
//
//축약어 - ko
U+1F6B6,person_walking,go,en,🚶,ㄱㄱ¦ㄱㄱㅆ¦ㄱㅈㅇ¦ㄱㅈ
U+1F64F,folded_hands,thank,en,🙏,ㄳ¦ㄱㅅ
U+1F647,person_bowing,sorry,en,🙇,ㅈㅅ¦ㅁㅇ
U+270B,raised_hand,no,en,❌,ㄴㄴ
U+1F631,face_screaming_in_fear,scare,en,😱,ㄷㄷ
U+1F6D1,stop_sign_,stop,en,🛑,ㄷㅊ
U+1F92A,zany_face,crazy,en,🤪,ㅁㅊ
U+1F44B,waving_hand,bye,en,👋,ㅂㅂ
U+1F590,hand_with_fingers_splayed,hang in there,en,🖐,ㅅㄱ
U+270B,raised_hand,no,en,❌,ㅇㄴ
U+1F44C,OK_hand,okay,en,👌,ㅇㅇ¦ㄱㅊ¦ㅇㅈ¦ㅇㅋ
U+1F973,partying_face,party,en,🥳,ㅊㅋ
U+1F606,grinning_squinting_face,ㅋㅋ,ko,😆,ㅋㅋㅋㅋ¦ㅋㅋㅋㅋㅋㅋ¦ㅋㅋㅋㅋㅋㅋㅋ¦ㅋㄷ¦ㅋㄷㅋㄷ¦ㅎㅎ¦ㅎㅎㅎ¦ㅎㅎㅎㅎ¦ㅎㅎㅎㅎㅎ¦ㅎㅎㅎㅎㅎㅎ¦ㅍㅎㅎ
U+1F6B6,person_running,run,en,🏃,ㅌㅌ
U+1F44B,grinning_squinting_face,hi,en,👋,ㅎㅇ
U+1F595,middle_finger,fuck you,en,🖕,ㅗ¦ㅗㅗ
U+1F926,person_facepalming,,en,🤦,OTL¦orz
U+1F621,pouting_face,화남,ko,😡,ㅂㄷ¦ㅂㄷㅂㄷ
//
//변경형 - ko
U+1F44C,OK_hand,yes,그래,ko,👌,네¦넹¦넵¦그쵸¦그랭¦그러자¦그랴¦넹넹¦넴¦괜춘
U+1F632,astonished_face,헉,ko,😲,허걱¦이럴수가
U+1F605,grinning_face_with_sweat,,😅,이런
U+1F60A,smiling_face_with+_smiling_eyes,좋아,ko,😊,룰루랄라¦랄랄라
U+1F35A,cooked_rice,볶음밥,ko,🍚,처묵처묵¦밥먹자¦밥먹을까¦밥먹을래
U+1F611,expressionless_face,지루하게 앉아있음,ko,😑,지루함
U+1F62A,sleepy_face,졸려,ko,😪,잠와¦잠온다¦잘래¦잘꺼야
U+1F612,unamused face,개짜증,ko,😒,짜증나네¦짜증나게¦짜증나게스리
U+1F477,construction_worker,work,en,👷,야근¦야근함¦야근이야¦야근각¦야근각이야
U+1F44D,thumbs_up,최고,ko,👍,최고¦최고임¦최고다¦최고네
U+1F6B6,person_walking,go,en,🚶,가는중¦가고있어¦가고있음¦간다¦갈께¦갈게
//
//축약어 - en
U+1F64F,folded_hands,thank,en,🙏,10Q
U+1F354,hamburger,snack,en,🍔,al desko
U+1F354,hamburger,snack,en,🍔,al fresco
U+1F382,birthday_cake,birthday,en,🎂,bday
U+1F611,expressionless_face,boring,en,😑,brain fade
U+1F611,expressionless_face,boring,en,😑,brain-fade
U+1F919,call_me_hand,call,en,🤙,cm
U+1F44B,waving_hand,see you,en,,cu
U+1F44B,waving_hand,see you,en,,cul8r
U+1F60C,relieved_face,easy,en,😌,EZ
U+1F919,call_me_hand,call,en,🤙,HMU
U+1F61C,winking_face_with_tongue,joking,en,😜,jj
U+1F61C,winking_face_with_tongue,kidding,en,😜,jk
//
//emoticon mapping
U+2764,red_heart,heart,en,❤,<3
U+1F3C6,trophy,winner,en,🏆,(*^^)v¦(^^)v¦(^_^)v
U+263A,smiling_face,smile,en,😀,:-)¦:^)¦:)¦:o)¦:c)¦:-]¦:]¦=]¦=)¦:->¦:>¦*^^*¦(^^*¦^^//¦^///^¦-///-¦-_-*¦(#^.^#)¦(*^_^*)¦§^.^§¦(#^.^#)¦(*^.^*)¦8-D¦8D¦8-)¦8)¦:-D¦:D¦=D¦B^D¦>^_^<¦<^!^>¦(^<^)¦(^.^)¦(^·^)¦(^.^)¦(^_^)¦(^^)¦^—^¦^^¦^/^¦^_^¦(^J^)¦(^ム^)¦^^¦ㅅㅅ¦ㅆ
U+1F973,partying_face,party,en,🥳,#-)
U+1F92E,face_vomiting,vomit,en,🤮,ㅇㅠㅇ
U+1F928,face_with_raised_eyebrow,,en,🤨,':-|¦':-l¦-_-^
U+1F926,person_facepalming,oh,en,🤦,(－‸ლ)
U+1F914,thinking_face,think,en,🤔,:-/¦:/¦:-.¦>:/¦=/
U+1F913,nerd_face,nerd,en,🤓,(^0_0^)
U+1F9D0,face_with_monocle,,en,🧐,(^_0^)¦(^0_^)
U+1F64B U+200D U+2642 U+FE0F,man_raising_hand,hurray,en,🙋,(^_^)/¦(^O^)／¦(^o^)／¦(^^)/¦(≧∇≦)/¦(/◕ヮ◕)/¦(^o^)丿¦∩(·ω·)∩¦＼(~o~)／¦＼(^o^)／¦＼(-o-)／¦ヽ(^。^)ノ¦ヽ(^o^)丿¦(*^0^*)
U+1F647,person_bowing,bow,en,🙇,(__)¦_(._.)_¦_(_^_)_¦<m(__)m>¦m(__)m
U+1F431,grinning_cat,cat,en,🐱,(=^·^=)¦(=^··^=)¦=_^=¦=^.^=
U+1F912,face_with_thermometer,,en,🤒,:-###..¦:###..
U+1F636,face_without_mouth,,en,😶,(°°)¦:-X¦:-#¦:-&¦:X¦:#¦:&
U+1F635,dizzy_face,,en,😵,%-)¦%)¦((+_+))¦(+o+)¦(・・?¦(?_?)¦(°-°)¦(°.°)¦(°_°)¦(°_°>)¦(°レ°)¦ㅇㅅㅇ¦ㅇㅁㅇ¦ㅁㅅㅁ¦:S¦>:\\¦:\\¦=\\¦(・・?¦(?_?)¦(@_@)¦(@_@。¦(＠_＠;)
U+1F634,sleeping_face,sleep,en,😴,(-_-)zzz
U+1F631,face_screaming_in_fear,shocked,en,😱,°o°¦°O°¦:O¦o_O¦o_0¦o.O¦(o.o)¦oO¦8-0¦>:O¦:-O¦:-o¦:O¦:o¦:-0¦:V¦(ﾟДﾟ)¦(°◇°)¦D-':¦D:¦(°o°)¦=-0¦=-O¦=-o
U+1F622,crying_face,cry,en,😢,(ToT)¦ToT¦ㅠoㅠ¦ㅜoㅜ¦YoY¦(Ｔ▽Ｔ)¦(T_T)¦Q.Q¦T.T¦TnT¦TT¦T_T¦QQ¦Q_Q¦ㅠ¦ㅠ.ㅠ¦ㅜ.ㅜ¦ㅠㅠ¦ㅜㅜ¦ㅠ_ㅠ¦ㅜ_ㅜ¦Y.Y¦Y_Y¦:'(
U+1F62A,sleepy_face,sleep,en,😪,|-O
U+1F629,weary_face,tired,en,😩,(=_=)
U+1F621,pouting_face,,en,😡,D8¦D;¦D=
U+1F623,persevering_face,,en,😞,(>_<)¦:-(¦:-c¦:-<¦:(¦:c¦:{¦:@¦D:<¦DX
U+1F622,crying_face,cry,en,😢,(;O;)¦:'-(¦(;_;)¦(;_;)¦(;_:)¦(:_;)¦(/_;)¦;_;¦;-;¦;n;
U+1F621,pouting_face,angry,en,😡,:<¦>:(¦:-¦:[¦>:¦:L¦=L
U+1F61E,disappointed_face,disappointed,en,😞,:-||
U+1F61C,winking_face_with_tongue,wink,en,😜,;-P¦;-p¦;P¦;p¦*P¦*p¦;^P¦;^p¦X-P¦x-p¦XP¦xp¦:-P¦:-P¦:-p¦:-p¦:-b¦:P¦:p¦:b¦d:¦=p¦>:P
U+1F618,face_blowing_a_kiss,kiss,en,😘,:-*¦:*¦:×
U+1F975,hot_face,sweat,en,🥵,(・.・;)¦(・_・;)¦(・・;)
U+1F612,unamused_face,unamused,en,😒,(ー_ー)!!¦(；一_一)
U+1F611,expressionless_face,,en,😑,:-|¦:|
U+1F610,neutral_face,,en,😐,:-|¦:|¦(-.-)¦(-_-)¦(一一)¦(~o~)¦(~_~)
U+1F60F,smirking_face,,en,😏,:-J
U+1F60E,smiling_face_with_sunglasses,sunglass,en,😎,B-)¦8-)
U+1F929,star-struck,star,en,🤩,(*_*)¦(*_*;¦(+_+)
U+1F609,winking_face,wink,en,😉,;-)¦*-)¦;-]¦;)¦*)¦;]¦;^)¦:-,¦;D¦(^_-)¦(^_-)-☆
U+1F608,smiling_face_with_horns,devil,en,😈,>:-)¦}:-)¦3:-)¦>:)¦}:)¦3:)¦>;)
U+1F607,smiling_face_with_halo,halo,en,😇,O:-)¦0:-3¦0:-)¦O:)¦0:)¦0:)¦0;^)
U+1F606,grinning_squinting_face,,en,😆,x-D¦X-D¦xD¦XD
U+1F605,grinning_face_with_sweat,sweat,en,😅,(^_^;)¦(^_^;;)¦(^_^;;;)¦^_^;¦^_^;;¦^_^;;;¦(^.^;)¦(^.^;;)¦(^.^;;;)¦^.^;¦^.^;;¦^.^;;;¦(^^;)¦(^^;;)¦(^^;;;)¦^^;¦^^;;¦^^;;;
U+1F604,grinning_face_with_smiling_eyes,smile,en,😄,¦(＾ｖ＾)¦(＾ｕ＾)¦(＾◇＾)¦(^)o(^)¦(^O^)¦(^o^)¦(^○^)¦^o^¦^ω^¦(＾▽＾)¦(・∀・)¦(´∀`)¦(⌒▽⌒）
U+1F602,face_with_tears_of_joy,joy,en,😂,:'-)¦:')¦（’-’*)
U+1F601,beaming_face_with_smiling_eyes,smile,en,😁,:-3¦:3¦:-}¦:}
U+1F494,broken_heart,broken,en,💔,</3¦<\\3
U+1F47D,alien,alien,en,👽,(V)o￥o(V)
U+1F476,baby,baby,en,👶,(';')
U+1F44B,waving_hand,hello,en,👋,(^^)/~¦(^_^)/~¦(;_;)/~¦(^.^)/~¦(-_-)/~¦($··)/~¦(@^^)/~¦(T_T)/~~~¦(ToT)/~
U+1F436,dog_face,dog,en,🐶,U・ェ・U
U+1F3A7,headphone,headphone,en,🎧,((d[-_-]b))
U+1F385,Santa_Claus,santa,en,🎅,*<|:-)
U+1F339,rose,rose,en,🌹,@};-¦@}->--¦@}-;-'---¦@>-->--
//
//facial emoji mapping
U+1F600,grinning_face,smile,en,😀,😀
U+1F603,grinning_face_with_big_eyes,smile,en,😀,😃
U+1F604,grinning_face_with_smiling_eyes,smile,en,😀,😄
U+1F601,beaming_face_with_smiling_eyes,smile,en,😀,😁
U+1F606,grinning_squinting_face,smile,en,😆,😆
U+1F605,grinning_face_with_sweat,laughing,en,😅,😅
U+1F923,rolling_on_the_floor_laughing,laughing,en,🤣,🤣
U+1F602,face_with_tears_of_joy,laughing,en,😂,😂
U+1F642,slightly_smiling_face,smile,en,😊,🙂
U+1F643,upside-down_face,,en,🙃,🙃
U+1F609,winking_face,wink,en,😉,😉
U+1F60A,smiling_face_with_smiling_eyes,smile,en,😊,😊
U+1F607,smiling_face_with_halo,halo,en,😇,😇
U+1F970,smiling_face_with_hearts,heart,en,😍,🥰
U+1F60D,smiling_face_with_heart_eyes,heart,en,😍,😍
U+1F929,star-struck,star,en,🤩,🤩
U+1F618,face_blowing_a_kiss,,en,😘,😘
U+1F617,kissing_face,kiss,en,😘,😗
U+263A,smiling_face,smile,en,☺,☺
U+1F61A,kissing_face_with_closed_eyes,kiss,en,😘,😚
U+1F619,kissing_face_with_smiling_eyes,kiss,en,😘,😙
U+1F60B,face_savoring_food,,en,😋,😋
U+1F61B,face_with_tongue,,en,😜,😛
U+1F61C,winking_face_with_tongue,,en,😜,😜
U+1F92A,zany_face,,en,🤪,🤪
U+1F61D,squinting_face_with_tongue,,en,😜,😝
U+1F911,money-mouth_face,money,en,🤑,🤑
U+1F917,hugging_face,hug,en,🤗,🤗
U+1F92D,face_with_hand_over_mouth,,en,,🤭
U+1F92B,shushing_face,,en,🤫,🤫
U+1F914,thinking_face,think,en,🤔,🤔
U+1F910,zipper-mouth_face,zip,en,🤫,🤐
U+1F928,face_with_raised_eyebrow,,en,🤨,🤨
U+1F610,neutral_face,,en,😐,😐
U+1F611,expressionless_face,,en,😑,😑
U+1F636,face_without_mouth,,en,😶,😶
U+1F60F,smirking_face,,en,😏,😏
U+1F612,unamused_face,anamused,en,😒,😒
U+1F644,face_with_rolling_eyes,rolling eye,en,🙄,🙄
U+1F62C,grimacing_face,,en,😒,😬
U+1F925,lying_face,lying,en,🤥,🤥
U+1F60C,relieved_face,relieve,en,😌,😌
U+1F614,pensive_face,pensive,en,😒,😔
U+1F62A,sleepy_face,sleepy,en,😪,😪
U+1F924,drooling_face,sleepy,en,🤤,🤤
U+1F634,sleeping_face,sleepy,en,😴,😴
U+1F637,face_with_medical_mask,,en,🤕,😷
U+1F912,face_with_thermometer,,en,🤒,🤒
U+1F915,face_with_head-bandage,,en,🤕,🤕
U+1F922,nauseated_face,vomit,en,🤕,🤢
U+1F92E,face_vomiting,vomit,en,🤕,🤮
U+1F927,sneezing_face,sneeze,en,🤕,🤧
U+1F975,hot_face,hot,en,🥵,🥵
U+1F976,cold_face,cold,en,🥶,🥶
U+1F974,woozy_face,,en,🥴,🥴
U+1F635,dizzy_face,,en,😵,😵
U+1F92F,exploding_head,,en,🤯,🤯
U+1F920,cowboy_hat_face,,en,🤠,🤠
U+1F973,partying_face,party,en,🥳,🥳
U+1F60E,smiling_face_with_sunglasses,sunglasses,en,😎,😎
U+1F913,nerd_face,nerd,en,🤓,🤓
U+1F9D0,face_with_monocle,,en,🧐,🧐
U+1F615,confused_face,confused,en,,😕
U+1F61F,worried_face,worried,en,,😟
U+1F641,slightly_frowning_face,frown,en,,🙁
U+2639,frowning_face,frown,en,,☹
U+1F62E,face_with_open_mouth,,en,,😮
U+1F62F,hushed_face,,en,,😯
U+1F632,astonished_face,,en,,😲
U+1F633,flushed_face,flushed,en,,😳
U+1F97A,pleading_face,,en,🥺,🥺
U+1F626,frowning_face_with_open_mouth,frown,en,,😦
U+1F627,anguished_face,,en,,😧
U+1F628,fearful_face,fear,en,,😨
U+1F630,anxious_face_with_sweat,anxious,en,😰,😰
U+1F625,sad_but_relieved_face,relieve,en,😢,😥
U+1F622,crying_face,cry,en,😢,😢
U+1F62D,loudly_crying_face,cry,en,😢,😭
U+1F631,face_screaming_in_fear,scream,en,😱,😱
U+1F616,confounded_face,,en,😣,😖
U+1F623,persevering_face,,en,😣,😣
U+1F61E,disappointed_face,disappointed,en,😞,😞
U+1F613,downcast_face_with_sweat,,en,,😓
U+1F629,weary_face,,en,😩,😩
U+1F62B,tired_face,tired,en,😩,😫
U+1F971,yawning_face,yawn,en,,🥱
U+1F624,face_with_steam_from_nose,,en,😤,😤
U+1F621,pouting_face,,en,😡,😡
U+1F620,angry_face,angry,en,😡,😠
U+1F92C,face_with_symbols_on_mouth,,en,😡,🤬
U+1F608,smiling_face_with_horns,,en,😈,😈
U+1F47F,angry_face_with_horns,,en,😈,👿
U+1F480,skull,,en,☠,💀
U+2620,skull_and_crossbones,,en,☠,☠
//
//frequent emoji mapping
U+2665,heart_suit,heart,en,♥,♥
U+1F495,two_hearts,heart,en,💕,💕
U+1F44C,OK_hand,ok,en,👌,👌
U+1F44D,thumbs_up,thumb,en,👍,👍
U+1F64F,folded_hands,namaste,en,🙏,🙏
U+1F440,eyes,eye,en,👀,👀
U+1F3B6,musical_notes,music,en,🎶,🎶
U+1F499,blue_heart,heart,en,💙,💙
U+1F49C,purple_heart,heart,en,💜,💜
U+2728,sparkles,sparkle,en,✨,✨
U+1F648,see-no-evil_monkey,monkey,en,🙈,🙈
U+1F496,sparkling_heart,heart,en,💖,💖
U+1F4AF,hundred_points,hundred,en,💯,💯
U+1F525,fire,fire,en,🔥,🔥
U+1F497,growing_heart,heart,en,💗,💗
U+1F44F,clapping_hands,clap,en,👏,👏
U+1F449,backhand_index_pointing_right,pointing,en,👉,👉
U+1F49E,revolving_hearts,heart,en,💞,💞
U+1F498,heart_with_arrow,heart,en,💘,💘
U+1F4F7,camera,,en,📷,📷
U+1F49B,yellow_heart,heart,en,💛,💛
U+1F481,person_tipping_hand,,en,💁,💁
U+1F338,cherry_blossom,flower,en,🌸,🌸
U+1F48B,kiss_mark,kiss,en,💋,💋
U+1F64A,speak-no-evil_monkey,monkey,en,🙊,🙊
U+1F389,party_popper,party,en,🎉,🎉
U+270B,raised_hand,hand,en,✋,✋
U+1F4AA,flexed_biceps,biceps,en,💪,💪
U+25B6,play_button,,en,▶,▶
U+267B,recycling_symbol,recycle,en,♻,♻
U+1F49A,green_heart,heart,en,💚,💚
U+1F493,beating_heart,heart,en,💓,💓
U+1F31A,new_moon_face,moon,en,🌚,🌚
U+1F44A,oncoming_fist,fist,en,👊,👊
U+2714,check_mark,check,en,✔,✔
U+27A1,right_arrow,arrow,en,➡,➡
U+2600,sun,sun,en,☀,☀
U+1F63B,smiling_cat_with_heart-eyes,cat,en,😻,😻
U+1F448,backhand_index_pointing_left,pointing,en,👈,👈
U+2705,check_mark_button,check,en,✅,✅
U+1F451,crown,crown,en,👑,👑
U+1F44B,waving_hand,waving,en,👋,👋
U+1F447,backhand_index_pointing_down,pointing,en,👇,👇
U+1F534,red_circle,circle,en,🔴,🔴
U+1F31F,glowing_star,star,en,🌟,🌟
U+1F3B5,musical_note,music,en,🎵,🎵